,time,frame,n_pp_at_time,IDs_people,bb_people
0,0:00:00:400000,10,0,,
1,0:00:00:440000,11,0,,
2,0:00:00:480000,12,1,[1],"[0, 148, 55, 472]"
3,0:00:00:520000,13,1,[1],"[0, 95, 60, 476]"
4,0:00:00:560000,14,1,[1],"[0, 75, 66, 479]"
5,0:00:00:600000,15,1,[1],"[0, 66, 74, 479]"
6,0:00:00:640000,16,1,[1],"[0, 62, 76, 477]"
7,0:00:00:680000,17,1,[1],"[0, 61, 77, 475]"
8,0:00:00:720000,18,1,[1],"[0, 59, 86, 475]"
9,0:00:00:760000,19,1,[1],"[0, 59, 93, 473]"
10,0:00:00:800000,20,1,[1],"[0, 61, 98, 473]"
11,0:00:00:840000,21,1,[1],"[0, 63, 102, 474]"
12,0:00:00:880000,22,1,[1],"[0, 63, 105, 476]"
13,0:00:00:920000,23,1,[1],"[0, 61, 114, 399]"
14,0:00:00:960000,24,1,[1],"[0, 62, 109, 363]"
15,0:00:01,25,2,[1 2],"[1, 62, 104, 348],[1, 203, 138, 476]"
16,0:00:01:040000,26,2,[1 2],"[1, 61, 105, 340],[1, 202, 142, 475]"
17,0:00:01:080000,27,2,[1 2],"[1, 60, 105, 341],[0, 203, 153, 475]"
18,0:00:01:120000,28,2,[1 2],"[0, 61, 109, 327],[0, 203, 158, 474]"
19,0:00:01:160000,29,2,[1 2],"[0, 60, 113, 324],[0, 204, 164, 474]"
20,0:00:01:200000,30,2,[1 2],"[1, 57, 116, 334],[0, 204, 170, 474]"
21,0:00:01:240000,31,2,[1 2],"[3, 57, 118, 372],[1, 206, 172, 473]"
22,0:00:01:280000,32,2,[1 2],"[4, 54, 122, 421],[2, 208, 170, 473]"
23,0:00:01:320000,33,2,[1 2],"[1, 52, 127, 440],[3, 210, 170, 473]"
24,0:00:01:360000,34,2,[1 2],"[2, 47, 130, 467],[8, 212, 169, 473]"
25,0:00:01:400000,35,2,[1 2],"[1, 45, 133, 475],[13, 213, 169, 474]"
26,0:00:01:440000,36,2,[1 2],"[0, 45, 135, 477],[23, 213, 170, 476]"
27,0:00:01:480000,37,2,[1 2],"[0, 44, 137, 478],[32, 212, 176, 476]"
28,0:00:01:520000,38,2,[1 2],"[0, 45, 142, 478],[37, 211, 181, 476]"
29,0:00:01:560000,39,2,[1 2],"[0, 45, 144, 477],[40, 210, 187, 476]"
30,0:00:01:600000,40,2,[1 2],"[0, 45, 146, 477],[48, 208, 191, 476]"
31,0:00:01:640000,41,2,[1 2],"[0, 45, 146, 478],[56, 208, 195, 477]"
32,0:00:01:680000,42,2,[1 2],"[0, 45, 149, 477],[59, 207, 199, 477]"
33,0:00:01:720000,43,2,[1 2],"[0, 47, 152, 476],[65, 207, 203, 476]"
34,0:00:01:760000,44,2,[1 2],"[0, 48, 162, 475],[71, 205, 208, 475]"
35,0:00:01:800000,45,2,[1 2],"[0, 48, 164, 476],[69, 205, 213, 475]"
36,0:00:01:840000,46,2,[1 2],"[0, 49, 172, 476],[67, 205, 217, 475]"
37,0:00:01:880000,47,2,[1 2],"[0, 47, 183, 476],[66, 207, 224, 475]"
38,0:00:01:920000,48,2,[1 2],"[2, 46, 192, 477],[72, 208, 228, 475]"
39,0:00:01:960000,49,2,[1 2],"[8, 47, 202, 477],[77, 208, 233, 475]"
40,0:00:02,50,2,[1 2],"[17, 46, 208, 476],[81, 210, 237, 468]"
41,0:00:02:040000,51,2,[1 2],"[24, 43, 214, 477],[77, 210, 242, 467]"
42,0:00:02:080000,52,2,[1 2],"[27, 43, 222, 479],[79, 206, 252, 473]"
43,0:00:02:120000,53,2,[1 2],"[31, 44, 229, 479],[80, 204, 258, 476]"
44,0:00:02:160000,54,2,[1 2],"[36, 47, 236, 478],[85, 205, 281, 476]"
45,0:00:02:200000,55,2,[1 2],"[39, 49, 245, 470],[91, 207, 292, 476]"
46,0:00:02:240000,56,2,[1 2],"[39, 52, 254, 466],[91, 209, 303, 471]"
47,0:00:02:280000,57,2,[1 2],"[44, 53, 260, 462],[93, 213, 309, 469]"
48,0:00:02:320000,58,2,[1 2],"[51, 55, 268, 465],[108, 211, 314, 474]"
49,0:00:02:360000,59,2,[1 2],"[54, 52, 269, 464],[108, 210, 324, 476]"
50,0:00:02:400000,60,2,[1 2],"[66, 49, 264, 465],[116, 214, 326, 472]"
51,0:00:02:440000,61,2,[1 2],"[66, 49, 268, 468],[120, 214, 328, 472]"
52,0:00:02:480000,62,2,[1 2],"[71, 48, 268, 465],[126, 212, 327, 473]"
53,0:00:02:520000,63,2,[1 2],"[74, 50, 268, 467],[127, 212, 329, 472]"
54,0:00:02:560000,64,2,[1 2],"[75, 51, 268, 468],[130, 212, 329, 472]"
55,0:00:02:600000,65,2,[1 2],"[75, 52, 268, 468],[132, 212, 328, 472]"
56,0:00:02:640000,66,2,[1 2],"[77, 53, 268, 471],[134, 212, 326, 473]"
57,0:00:02:680000,67,2,[1 2],"[76, 55, 268, 472],[135, 212, 323, 472]"
58,0:00:02:720000,68,2,[1 2],"[76, 53, 266, 470],[135, 212, 317, 471]"
59,0:00:02:760000,69,2,[1 2],"[77, 50, 265, 469],[127, 206, 317, 474]"
60,0:00:02:800000,70,2,[1 2],"[74, 48, 267, 471],[126, 205, 312, 475]"
61,0:00:02:840000,71,2,[1 2],"[74, 47, 265, 471],[123, 204, 305, 476]"
62,0:00:02:880000,72,2,[1 2],"[73, 47, 264, 473],[119, 205, 301, 476]"
63,0:00:02:920000,73,2,[1 2],"[72, 46, 264, 471],[113, 205, 299, 477]"
64,0:00:02:960000,74,2,[1 2],"[72, 48, 261, 468],[110, 206, 296, 477]"
65,0:00:03,75,2,[1 2],"[68, 51, 263, 434],[105, 208, 294, 476]"
66,0:00:03:040000,76,2,[1 2],"[66, 53, 262, 409],[101, 207, 291, 476]"
67,0:00:03:080000,77,2,[1 2],"[66, 54, 260, 407],[98, 207, 290, 475]"
68,0:00:03:120000,78,2,[1 2],"[63, 54, 258, 411],[102, 210, 290, 471]"
69,0:00:03:160000,79,2,[1 2],"[58, 55, 257, 417],[104, 210, 289, 468]"
70,0:00:03:200000,80,2,[1 2],"[47, 55, 262, 392],[108, 211, 287, 468]"
71,0:00:03:240000,81,2,[1 2],"[47, 55, 257, 397],[104, 210, 293, 469]"
72,0:00:03:280000,82,2,[1 2],"[41, 55, 255, 443],[102, 210, 296, 470]"
73,0:00:03:320000,83,2,[1 2],"[27, 54, 260, 464],[101, 211, 298, 472]"
74,0:00:03:360000,84,2,[1 2],"[19, 54, 260, 467],[99, 209, 297, 472]"
75,0:00:03:400000,85,2,[1 2],"[17, 54, 258, 471],[92, 209, 294, 475]"
76,0:00:03:440000,86,2,[1 2],"[14, 54, 260, 470],[86, 209, 291, 474]"
77,0:00:03:480000,87,2,[1 2],"[14, 53, 260, 466],[85, 209, 286, 472]"
78,0:00:03:520000,88,2,[1 2],"[20, 53, 260, 466],[87, 208, 286, 472]"
79,0:00:03:560000,89,2,[1 2],"[29, 52, 259, 465],[89, 208, 284, 472]"
80,0:00:03:600000,90,2,[1 2],"[35, 52, 262, 468],[94, 208, 283, 475]"
81,0:00:03:640000,91,2,[1 2],"[37, 52, 263, 472],[102, 209, 284, 473]"
82,0:00:03:680000,92,2,[1 2],"[36, 51, 264, 473],[103, 208, 281, 475]"
83,0:00:03:720000,93,2,[1 2],"[34, 51, 266, 475],[105, 207, 282, 476]"
84,0:00:03:760000,94,2,[1 2],"[31, 51, 267, 474],[98, 207, 285, 475]"
85,0:00:03:800000,95,2,[1 2],"[25, 50, 270, 421],[89, 209, 283, 471]"
86,0:00:03:840000,96,2,[1 2],"[29, 49, 265, 390],[92, 210, 278, 469]"
87,0:00:03:880000,97,2,[1 2],"[34, 49, 260, 391],[88, 210, 280, 469]"
88,0:00:03:920000,98,2,[1 2],"[34, 49, 263, 382],[87, 210, 280, 469]"
89,0:00:03:960000,99,2,[1 2],"[36, 49, 262, 379],[88, 210, 280, 469]"
90,0:00:04,100,2,[1 2],"[36, 50, 260, 372],[87, 210, 281, 468]"
91,0:00:04:040000,101,2,[1 2],"[38, 50, 255, 370],[89, 210, 282, 468]"
92,0:00:04:080000,102,2,[1 2],"[39, 50, 254, 376],[93, 208, 280, 467]"
93,0:00:04:120000,103,2,[1 2],"[40, 51, 253, 384],[93, 207, 282, 467]"
94,0:00:04:160000,104,2,[1 2],"[39, 51, 252, 389],[92, 207, 283, 469]"
95,0:00:04:200000,105,2,[1 2],"[40, 52, 250, 399],[92, 207, 283, 471]"
96,0:00:04:240000,106,2,[1 2],"[38, 52, 251, 399],[92, 207, 283, 471]"
97,0:00:04:280000,107,2,[1 2],"[38, 53, 250, 398],[93, 207, 282, 471]"
98,0:00:04:320000,108,2,[1 2],"[39, 53, 249, 401],[93, 207, 283, 470]"
99,0:00:04:360000,109,2,[1 2],"[39, 53, 248, 401],[95, 207, 282, 471]"
100,0:00:04:400000,110,2,[1 2],"[39, 53, 248, 404],[96, 207, 282, 472]"
101,0:00:04:440000,111,2,[1 2],"[40, 53, 248, 410],[96, 207, 283, 472]"
102,0:00:04:480000,112,2,[1 2],"[40, 53, 250, 408],[95, 208, 283, 472]"
103,0:00:04:520000,113,2,[1 2],"[39, 53, 251, 409],[96, 208, 282, 472]"
104,0:00:04:560000,114,2,[1 2],"[41, 53, 251, 413],[95, 209, 284, 472]"
105,0:00:04:600000,115,2,[1 2],"[39, 54, 254, 409],[95, 209, 284, 472]"
106,0:00:04:640000,116,2,[1 2],"[40, 54, 255, 408],[95, 209, 283, 472]"
107,0:00:04:680000,117,2,[1 2],"[39, 54, 259, 403],[93, 209, 283, 470]"
108,0:00:04:720000,118,2,[1 2],"[39, 53, 261, 397],[94, 209, 283, 471]"
109,0:00:04:760000,119,2,[1 2],"[40, 52, 262, 390],[103, 209, 283, 469]"
110,0:00:04:800000,120,2,[1 2],"[41, 52, 262, 388],[94, 210, 286, 469]"
111,0:00:04:840000,121,2,[1 2],"[43, 52, 262, 383],[93, 210, 283, 468]"
112,0:00:04:880000,122,2,[1 2],"[45, 52, 262, 382],[92, 210, 282, 468]"
113,0:00:04:920000,123,2,[1 2],"[45, 52, 264, 378],[101, 209, 283, 469]"
114,0:00:04:960000,124,2,[1 2],"[47, 52, 263, 375],[104, 209, 285, 469]"
115,0:00:05,125,2,[1 2],"[48, 51, 262, 375],[105, 208, 286, 469]"
116,0:00:05:040000,126,2,[1 2],"[49, 51, 262, 383],[105, 207, 289, 469]"
117,0:00:05:080000,127,2,[1 2],"[48, 51, 262, 380],[102, 207, 290, 469]"
118,0:00:05:120000,128,2,[1 2],"[51, 51, 258, 383],[99, 208, 295, 469]"
119,0:00:05:160000,129,2,[1 2],"[53, 51, 255, 400],[99, 209, 295, 469]"
120,0:00:05:200000,130,2,[1 2],"[54, 51, 254, 411],[108, 208, 295, 473]"
121,0:00:05:240000,131,2,[1 2],"[55, 49, 250, 444],[115, 208, 289, 472]"
122,0:00:05:280000,132,2,[1 2],"[57, 48, 247, 463],[122, 208, 294, 474]"
123,0:00:05:320000,133,2,[1 2],"[62, 48, 245, 473],[126, 208, 301, 476]"
124,0:00:05:360000,134,2,[1 2],"[64, 48, 242, 477],[142, 207, 304, 476]"
125,0:00:05:400000,135,2,[1 2],"[65, 48, 239, 479],[154, 207, 313, 476]"
126,0:00:05:440000,136,2,[1 2],"[66, 48, 239, 479],[153, 207, 321, 476]"
127,0:00:05:480000,137,2,[1 2],"[66, 49, 239, 477],[160, 207, 316, 476]"
128,0:00:05:520000,138,2,[1 2],"[66, 49, 239, 476],[159, 208, 329, 477]"
129,0:00:05:560000,139,2,[1 2],"[70, 50, 238, 475],[163, 212, 325, 474]"
130,0:00:05:600000,140,2,[1 2],"[74, 50, 239, 475],[156, 209, 334, 475]"
131,0:00:05:640000,141,2,[1 2],"[74, 49, 242, 477],[156, 209, 336, 475]"
132,0:00:05:680000,142,2,[1 2],"[75, 49, 244, 475],[157, 209, 336, 475]"
133,0:00:05:720000,143,2,[1 2],"[76, 48, 246, 476],[159, 211, 339, 475]"
134,0:00:05:760000,144,2,[1 2],"[77, 48, 248, 478],[164, 213, 347, 476]"
135,0:00:05:800000,145,2,[1 2],"[79, 48, 248, 479],[179, 215, 354, 476]"
136,0:00:05:840000,146,2,[1 2],"[80, 50, 249, 478],[193, 218, 359, 476]"
137,0:00:05:880000,147,2,[1 2],"[76, 51, 251, 475],[206, 219, 365, 476]"
138,0:00:05:920000,148,2,[1 2],"[74, 51, 250, 477],[215, 217, 373, 476]"
139,0:00:05:960000,149,2,[1 2],"[67, 53, 252, 477],[217, 216, 382, 476]"
140,0:00:06,150,2,[1 2],"[62, 52, 254, 477],[232, 216, 387, 476]"
141,0:00:06:040000,151,2,[1 2],"[60, 51, 254, 474],[229, 216, 402, 476]"
142,0:00:06:080000,152,2,[1 2],"[47, 49, 258, 469],[235, 217, 416, 476]"
143,0:00:06:120000,153,2,[1 2],"[40, 49, 259, 470],[243, 218, 430, 477]"
144,0:00:06:160000,154,2,[1 2],"[40, 50, 258, 470],[257, 219, 429, 477]"
145,0:00:06:200000,155,2,[1 2],"[44, 51, 259, 471],[264, 224, 438, 475]"
146,0:00:06:240000,156,2,[1 2],"[58, 53, 260, 471],[270, 227, 459, 477]"
147,0:00:06:280000,157,2,[1 2],"[68, 53, 262, 471],[285, 228, 462, 479]"
148,0:00:06:320000,158,2,[1 2],"[61, 53, 271, 469],[308, 232, 479, 477]"
149,0:00:06:360000,159,2,[1 2],"[61, 53, 272, 473],[323, 234, 500, 475]"
150,0:00:06:400000,160,2,[1 2],"[81, 53, 269, 476],[349, 232, 528, 475]"
151,0:00:06:440000,161,2,[1 2],"[86, 52, 276, 478],[360, 233, 539, 474]"
152,0:00:06:480000,162,2,[1 2],"[90, 52, 281, 479],[372, 234, 567, 474]"
153,0:00:06:520000,163,2,[1 2],"[97, 52, 283, 479],[380, 233, 593, 475]"
154,0:00:06:560000,164,2,[1 2],"[99, 51, 287, 479],[399, 230, 616, 475]"
155,0:00:06:600000,165,2,[1 2],"[102, 51, 290, 479],[422, 227, 638, 475]"
156,0:00:06:640000,166,2,[1 2],"[104, 50, 293, 479],[420, 215, 695, 474]"
157,0:00:06:680000,167,2,[1 2],"[105, 51, 296, 479],[432, 206, 705, 474]"
158,0:00:06:720000,168,2,[1 2],"[106, 50, 301, 479],[455, 200, 708, 474]"
159,0:00:06:760000,169,2,[1 2],"[107, 49, 303, 478],[504, 206, 713, 475]"
160,0:00:06:800000,170,2,[1 2],"[107, 49, 304, 478],[506, 242, 746, 475]"
161,0:00:06:840000,171,2,[1 2],"[108, 47, 306, 477],[537, 256, 758, 475]"
162,0:00:06:880000,172,2,[1 2],"[110, 47, 307, 475],[552, 260, 775, 475]"
163,0:00:06:920000,173,1,[1],"[111, 43, 308, 474]"
164,0:00:06:960000,174,1,[1],"[111, 37, 309, 474]"
165,0:00:07,175,2,[1 2],"[111, 35, 312, 473],[639, 266, 844, 474]"
166,0:00:07:040000,176,2,[1 2],"[109, 34, 315, 472],[657, 269, 849, 474]"
167,0:00:07:080000,177,1,[1],"[108, 32, 315, 474]"
168,0:00:07:120000,178,1,[1],"[106, 30, 320, 474]"
169,0:00:07:160000,179,1,[1],"[104, 27, 323, 475]"
170,0:00:07:200000,180,1,[1],"[105, 24, 324, 477]"
171,0:00:07:240000,181,1,[1],"[103, 23, 329, 477]"
172,0:00:07:280000,182,1,[1],"[102, 22, 333, 477]"
173,0:00:07:320000,183,1,[1],"[104, 21, 339, 477]"
174,0:00:07:360000,184,1,[1],"[107, 22, 345, 476]"
175,0:00:07:400000,185,1,[1],"[111, 21, 346, 476]"
176,0:00:07:440000,186,1,[1],"[115, 21, 354, 474]"
177,0:00:07:480000,187,1,[1],"[122, 20, 359, 475]"
178,0:00:07:520000,188,1,[1],"[131, 20, 366, 476]"
179,0:00:07:560000,189,1,[1],"[134, 20, 369, 476]"
180,0:00:07:600000,190,1,[1],"[141, 20, 369, 476]"
181,0:00:07:640000,191,1,[1],"[144, 20, 377, 478]"
182,0:00:07:680000,192,1,[1],"[154, 19, 381, 479]"
183,0:00:07:720000,193,1,[1],"[162, 19, 390, 479]"
184,0:00:07:760000,194,1,[1],"[174, 19, 396, 479]"
185,0:00:07:800000,195,1,[1],"[184, 18, 404, 479]"
186,0:00:07:840000,196,1,[1],"[195, 15, 418, 476]"
187,0:00:07:880000,197,1,[1],"[205, 15, 426, 476]"
188,0:00:07:920000,198,1,[1],"[211, 12, 442, 475]"
189,0:00:07:960000,199,1,[1],"[216, 11, 456, 477]"
190,0:00:08,200,1,[1],"[224, 10, 472, 477]"
191,0:00:08:040000,201,1,[1],"[232, 8, 486, 478]"
192,0:00:08:080000,202,1,[1],"[238, 6, 503, 478]"
193,0:00:08:120000,203,1,[1],"[238, 6, 547, 478]"
194,0:00:08:160000,204,1,[1],"[248, 3, 564, 479]"
195,0:00:08:200000,205,1,[1],"[260, 7, 581, 478]"
196,0:00:08:240000,206,1,[1],"[268, 7, 593, 479]"
197,0:00:08:280000,207,1,[1],"[272, 6, 609, 479]"
198,0:00:08:320000,208,1,[1],"[274, 5, 616, 479]"
199,0:00:08:360000,209,1,[1],"[286, 2, 598, 479]"
200,0:00:08:400000,210,1,[1],"[302, 0, 585, 478]"
201,0:00:08:440000,211,1,[1],"[317, 3, 572, 475]"
202,0:00:08:480000,212,1,[1],"[320, 2, 587, 473]"
203,0:00:08:520000,213,1,[1],"[328, 0, 604, 471]"
204,0:00:08:560000,214,1,[1],"[337, 1, 611, 468]"
205,0:00:08:600000,215,1,[1],"[346, 4, 617, 468]"
206,0:00:08:640000,216,1,[1],"[354, 10, 640, 471]"
207,0:00:08:680000,217,1,[1],"[369, 8, 659, 471]"
208,0:00:08:720000,218,1,[1],"[381, 6, 673, 473]"
209,0:00:08:760000,219,1,[1],"[395, 2, 678, 476]"
210,0:00:08:800000,220,1,[1],"[414, 5, 697, 472]"
211,0:00:08:840000,221,1,[1],"[432, 4, 714, 477]"
212,0:00:08:880000,222,1,[1],"[463, 11, 718, 479]"
213,0:00:08:920000,223,1,[1],"[479, 16, 752, 479]"
214,0:00:08:960000,224,1,[1],"[499, 11, 792, 479]"
215,0:00:09,225,1,[1],"[522, 4, 833, 478]"
216,0:00:09:040000,226,1,[1],"[540, 3, 847, 479]"
217,0:00:09:080000,227,1,[1],"[549, 4, 849, 477]"
218,0:00:09:120000,228,1,[1],"[562, 1, 849, 475]"
219,0:00:09:160000,229,1,[1],"[578, 4, 849, 472]"
220,0:00:09:200000,230,1,[1],"[610, 2, 847, 474]"
221,0:00:09:240000,231,1,[1],"[623, 1, 849, 473]"
222,0:00:09:280000,232,1,[1],"[637, 9, 849, 469]"
223,0:00:09:320000,233,1,[1],"[654, 8, 849, 470]"
224,0:00:09:360000,234,1,[1],"[668, 4, 849, 469]"
225,0:00:09:400000,235,1,[1],"[678, 4, 849, 473]"
226,0:00:09:440000,236,1,[1],"[694, 8, 849, 471]"
227,0:00:09:480000,237,1,[1],"[701, 50, 849, 468]"
228,0:00:09:520000,238,1,[1],"[718, 73, 849, 470]"
229,0:00:09:560000,239,1,[1],"[736, 88, 849, 471]"
230,0:00:09:680000,242,0,,
231,0:00:12:840000,321,0,,
232,0:00:12:880000,322,0,,
233,0:00:13:160000,329,0,,
234,0:00:13:200000,330,0,,
235,0:00:13:240000,331,1,[5],"[444, 238, 793, 474]"
236,0:00:13:280000,332,1,[5],"[506, 226, 809, 474]"
237,0:00:13:320000,333,1,[5],"[505, 226, 762, 471]"
238,0:00:13:360000,334,1,[5],"[441, 233, 733, 474]"
239,0:00:13:400000,335,1,[5],"[426, 241, 710, 473]"
240,0:00:13:440000,336,1,[5],"[424, 245, 689, 473]"
241,0:00:13:480000,337,1,[5],"[420, 246, 676, 476]"
242,0:00:13:520000,338,1,[5],"[422, 247, 655, 479]"
243,0:00:13:560000,339,1,[5],"[421, 253, 642, 479]"
244,0:00:13:600000,340,1,[5],"[422, 251, 631, 478]"
245,0:00:13:640000,341,1,[5],"[421, 250, 625, 476]"
246,0:00:13:680000,342,1,[5],"[422, 247, 593, 471]"
247,0:00:13:720000,343,1,[5],"[408, 248, 590, 465]"
248,0:00:13:760000,344,1,[5],"[386, 248, 581, 471]"
249,0:00:13:800000,345,1,[5],"[380, 245, 566, 471]"
250,0:00:13:840000,346,1,[5],"[370, 245, 554, 471]"
251,0:00:13:920000,348,1,[5],"[373, 238, 533, 473]"
252,0:00:13:960000,349,1,[5],"[364, 236, 524, 474]"
253,0:00:14,350,1,[5],"[358, 237, 512, 474]"
254,0:00:14:040000,351,1,[5],"[353, 238, 504, 474]"
255,0:00:14:080000,352,2,[5 6],"[348, 238, 500, 474],[462, 3, 838, 478]"
256,0:00:14:120000,353,2,[5 6],"[340, 238, 489, 474],[473, 0, 849, 477]"
257,0:00:14:160000,354,1,[6],"[477, 2, 844, 477]"
258,0:00:14:200000,355,1,[6],"[486, 0, 838, 477]"
259,0:00:14:240000,356,2,[5 6],"[324, 231, 470, 477],[480, 0, 844, 478]"
260,0:00:14:280000,357,2,[5 6],"[320, 226, 464, 478],[426, 1, 848, 479]"
261,0:00:14:320000,358,2,[5 6],"[312, 223, 458, 478],[467, 0, 837, 477]"
262,0:00:14:360000,359,2,[5 6],"[308, 219, 458, 479],[409, 0, 849, 479]"
263,0:00:14:400000,360,2,[5 6],"[308, 218, 448, 479],[376, 0, 849, 479]"
264,0:00:14:440000,361,2,[5 6],"[307, 218, 439, 479],[354, 0, 834, 479]"
265,0:00:14:480000,362,2,[5 6],"[304, 216, 436, 478],[335, 0, 837, 479]"
266,0:00:14:520000,363,2,[5 6],"[296, 215, 431, 478],[355, 0, 795, 479]"
267,0:00:14:560000,364,2,[5 6],"[290, 214, 430, 477],[346, 2, 780, 479]"
268,0:00:14:600000,365,2,[5 6],"[282, 216, 428, 476],[320, 7, 756, 473]"
269,0:00:14:640000,366,2,[5 6],"[280, 218, 422, 476],[314, 5, 736, 474]"
270,0:00:14:680000,367,2,[5 6],"[276, 217, 415, 476],[313, 10, 723, 475]"
271,0:00:14:720000,368,2,[5 6],"[271, 217, 414, 475],[295, 15, 717, 470]"
272,0:00:14:760000,369,2,[5 6],"[266, 219, 416, 475],[290, 13, 703, 470]"
273,0:00:14:800000,370,2,[5 6],"[265, 221, 410, 474],[293, 6, 695, 473]"
274,0:00:14:840000,371,2,[5 6],"[261, 219, 406, 475],[287, 4, 687, 473]"
275,0:00:14:880000,372,2,[5 6],"[257, 220, 404, 476],[282, 4, 680, 472]"
276,0:00:14:920000,373,2,[5 6],"[251, 221, 402, 476],[277, 6, 672, 467]"
277,0:00:14:960000,374,2,[5 6],"[247, 221, 401, 477],[271, 4, 663, 466]"
278,0:00:15,375,2,[5 6],"[242, 221, 391, 477],[276, 2, 653, 467]"
279,0:00:15:040000,376,2,[5 6],"[236, 221, 386, 477],[271, 2, 654, 468]"
280,0:00:15:080000,377,2,[5 6],"[231, 221, 376, 477],[276, 5, 643, 471]"
281,0:00:15:120000,378,2,[5 6],"[224, 220, 372, 477],[278, 7, 636, 473]"
282,0:00:15:160000,379,2,[5 6],"[220, 220, 368, 477],[283, 6, 634, 473]"
283,0:00:15:200000,380,2,[5 6],"[218, 219, 360, 475],[275, 7, 634, 471]"
284,0:00:15:240000,381,2,[5 6],"[210, 218, 359, 477],[269, 7, 632, 472]"
285,0:00:15:280000,382,2,[5 6],"[212, 218, 344, 476],[275, 6, 621, 474]"
286,0:00:15:320000,383,2,[5 6],"[211, 217, 335, 477],[276, 3, 612, 475]"
287,0:00:15:360000,384,2,[5 6],"[208, 217, 332, 477],[273, 1, 605, 477]"
288,0:00:15:400000,385,2,[5 6],"[206, 216, 328, 477],[271, 0, 601, 479]"
289,0:00:15:440000,386,2,[5 6],"[204, 214, 326, 478],[272, 0, 596, 479]"
290,0:00:15:480000,387,2,[5 6],"[203, 214, 325, 479],[266, 0, 594, 479]"
291,0:00:15:520000,388,2,[5 6],"[199, 211, 327, 477],[251, 0, 591, 479]"
292,0:00:15:560000,389,2,[5 6],"[200, 210, 323, 477],[250, 3, 584, 476]"
293,0:00:15:600000,390,2,[5 6],"[197, 209, 322, 478],[252, 3, 581, 474]"
294,0:00:15:640000,391,2,[5 6],"[199, 208, 322, 478],[255, 3, 578, 474]"
295,0:00:15:680000,392,2,[5 6],"[194, 207, 321, 476],[250, 7, 583, 474]"
296,0:00:15:720000,393,2,[5 6],"[190, 206, 332, 474],[278, 11, 579, 474]"
297,0:00:15:760000,394,2,[5 6],"[186, 205, 362, 476],[287, 6, 580, 478]"
298,0:00:15:800000,395,2,[5 6],"[190, 206, 368, 476],[287, 3, 585, 479]"
299,0:00:15:840000,396,2,[5 6],"[196, 207, 343, 475],[287, 3, 589, 479]"
300,0:00:15:880000,397,2,[5 6],"[195, 206, 326, 475],[286, 7, 592, 479]"
301,0:00:15:920000,398,2,[5 6],"[188, 206, 321, 476],[282, 9, 597, 479]"
302,0:00:15:960000,399,2,[5 6],"[186, 208, 317, 472],[280, 4, 597, 479]"
303,0:00:16,400,2,[5 6],"[185, 208, 318, 472],[278, 2, 599, 479]"
304,0:00:16:040000,401,2,[5 6],"[184, 205, 317, 475],[273, 1, 604, 479]"
305,0:00:16:080000,402,2,[5 6],"[181, 206, 318, 472],[275, 0, 603, 479]"
306,0:00:16:120000,403,2,[5 6],"[181, 207, 317, 471],[271, 0, 608, 479]"
307,0:00:16:160000,404,2,[5 6],"[182, 210, 317, 470],[269, 0, 610, 479]"
308,0:00:16:200000,405,2,[5 6],"[182, 210, 318, 472],[269, 0, 611, 479]"
309,0:00:16:240000,406,2,[5 6],"[182, 211, 321, 472],[272, 0, 610, 477]"
310,0:00:16:280000,407,2,[5 6],"[182, 208, 327, 475],[272, 0, 608, 477]"
311,0:00:16:320000,408,2,[5 6],"[178, 207, 331, 476],[274, 0, 605, 477]"
312,0:00:16:360000,409,2,[5 6],"[171, 207, 335, 476],[273, 0, 602, 475]"
313,0:00:16:400000,410,2,[5 6],"[174, 206, 337, 477],[275, 0, 599, 476]"
314,0:00:16:440000,411,2,[5 6],"[157, 206, 341, 477],[279, 1, 599, 477]"
315,0:00:16:480000,412,2,[5 6],"[146, 206, 348, 477],[279, 1, 600, 477]"
316,0:00:16:520000,413,2,[5 6],"[148, 206, 345, 477],[281, 1, 603, 476]"
317,0:00:16:560000,414,2,[5 6],"[147, 207, 347, 477],[275, 1, 607, 476]"
318,0:00:16:600000,415,2,[5 6],"[147, 207, 348, 477],[272, 1, 611, 476]"
319,0:00:16:640000,416,2,[5 6],"[149, 207, 348, 477],[271, 0, 614, 477]"
320,0:00:16:680000,417,2,[5 6],"[152, 207, 348, 477],[273, 1, 616, 478]"
321,0:00:16:720000,418,2,[5 6],"[160, 208, 345, 477],[273, 1, 616, 477]"
322,0:00:16:760000,419,2,[5 6],"[169, 208, 342, 477],[278, 1, 612, 477]"
323,0:00:16:800000,420,2,[5 6],"[168, 208, 340, 477],[281, 2, 610, 477]"
324,0:00:16:840000,421,2,[5 6],"[164, 208, 341, 477],[287, 6, 603, 477]"
325,0:00:16:880000,422,2,[5 6],"[161, 208, 339, 477],[288, 7, 603, 476]"
326,0:00:16:920000,423,2,[5 6],"[158, 209, 341, 478],[292, 8, 600, 475]"
327,0:00:16:960000,424,2,[5 6],"[152, 208, 339, 478],[299, 6, 600, 475]"
328,0:00:17,425,2,[5 6],"[143, 208, 339, 478],[305, 5, 601, 475]"
329,0:00:17:040000,426,2,[5 6],"[144, 208, 336, 478],[330, 1, 596, 474]"
330,0:00:17:080000,427,2,[5 6],"[141, 207, 335, 477],[313, 1, 604, 477]"
331,0:00:17:120000,428,2,[5 6],"[140, 207, 332, 476],[341, 0, 598, 479]"
332,0:00:17:160000,429,2,[5 6],"[137, 207, 333, 475],[354, 2, 599, 479]"
333,0:00:17:200000,430,2,[5 6],"[134, 208, 332, 475],[367, 1, 600, 479]"
334,0:00:17:240000,431,2,[5 6],"[130, 209, 331, 474],[385, 0, 600, 479]"
335,0:00:17:280000,432,2,[5 6],"[131, 209, 330, 474],[394, 0, 601, 479]"
336,0:00:17:320000,433,2,[5 6],"[126, 207, 335, 471],[396, 0, 604, 479]"
337,0:00:17:360000,434,2,[5 6],"[124, 207, 334, 471],[388, 0, 606, 478]"
338,0:00:17:400000,435,2,[5 6],"[128, 206, 332, 470],[375, 0, 607, 476]"
339,0:00:17:440000,436,2,[5 6],"[132, 208, 328, 472],[363, 1, 605, 475]"
340,0:00:17:480000,437,2,[5 6],"[137, 208, 326, 474],[363, 1, 601, 471]"
341,0:00:17:520000,438,2,[5 6],"[139, 208, 326, 475],[342, 3, 605, 470]"
342,0:00:17:560000,439,2,[5 6],"[140, 208, 325, 475],[345, 3, 598, 469]"
343,0:00:17:600000,440,2,[5 6],"[140, 208, 325, 475],[319, 3, 602, 473]"
344,0:00:17:640000,441,2,[5 6],"[142, 209, 325, 473],[305, 4, 597, 474]"
345,0:00:17:680000,442,2,[5 6],"[144, 209, 326, 472],[294, 4, 595, 474]"
346,0:00:17:720000,443,2,[5 6],"[144, 209, 326, 473],[289, 5, 592, 476]"
347,0:00:17:760000,444,2,[5 6],"[141, 209, 327, 473],[286, 5, 588, 477]"
348,0:00:17:800000,445,2,[5 6],"[142, 209, 326, 472],[286, 4, 586, 477]"
349,0:00:17:840000,446,2,[5 6],"[145, 209, 325, 472],[284, 6, 584, 478]"
350,0:00:17:880000,447,2,[5 6],"[146, 209, 324, 471],[286, 6, 582, 479]"
351,0:00:17:920000,448,2,[5 6],"[146, 209, 323, 471],[287, 7, 580, 479]"
352,0:00:17:960000,449,2,[5 6],"[145, 209, 321, 471],[290, 8, 578, 479]"
353,0:00:18,450,2,[5 6],"[142, 209, 321, 472],[292, 9, 574, 477]"
354,0:00:18:040000,451,2,[5 6],"[140, 209, 322, 472],[290, 9, 570, 477]"
355,0:00:18:080000,452,2,[5 6],"[141, 209, 319, 473],[290, 10, 566, 476]"
356,0:00:18:120000,453,2,[5 6],"[142, 208, 320, 474],[291, 11, 562, 476]"
357,0:00:18:160000,454,2,[5 6],"[146, 208, 318, 474],[287, 5, 558, 475]"
358,0:00:18:200000,455,2,[5 6],"[146, 208, 318, 473],[286, 6, 557, 475]"
359,0:00:18:240000,456,2,[5 6],"[141, 207, 319, 473],[286, 7, 555, 474]"
360,0:00:18:280000,457,2,[5 6],"[145, 207, 318, 473],[280, 5, 555, 476]"
361,0:00:18:320000,458,2,[5 6],"[149, 207, 318, 471],[281, 4, 553, 476]"
362,0:00:18:360000,459,2,[5 6],"[153, 207, 318, 471],[285, 4, 549, 478]"
363,0:00:18:400000,460,2,[5 6],"[154, 208, 317, 472],[283, 4, 549, 479]"
364,0:00:18:440000,461,2,[5 6],"[155, 208, 318, 474],[280, 4, 549, 479]"
365,0:00:18:480000,462,2,[5 6],"[159, 206, 314, 475],[280, 4, 548, 479]"
366,0:00:18:520000,463,2,[5 6],"[155, 205, 310, 474],[278, 4, 548, 479]"
367,0:00:18:560000,464,2,[5 6],"[140, 204, 307, 474],[277, 6, 545, 478]"
368,0:00:18:600000,465,2,[5 6],"[145, 205, 300, 475],[273, 6, 544, 478]"
369,0:00:18:640000,466,2,[5 6],"[148, 206, 294, 476],[268, 6, 542, 479]"
370,0:00:18:680000,467,2,[5 6],"[152, 209, 287, 475],[268, 6, 539, 479]"
371,0:00:18:720000,468,2,[5 6],"[152, 215, 286, 473],[272, 6, 533, 478]"
372,0:00:18:760000,469,2,[5 6],"[149, 216, 282, 475],[276, 7, 529, 478]"
373,0:00:18:800000,470,2,[5 6],"[140, 216, 283, 476],[283, 6, 525, 479]"
374,0:00:18:840000,471,2,[5 6],"[137, 219, 283, 476],[283, 6, 523, 479]"
375,0:00:18:880000,472,2,[5 6],"[128, 221, 279, 474],[284, 6, 519, 479]"
376,0:00:18:920000,473,2,[5 6],"[117, 219, 275, 475],[281, 3, 514, 479]"
377,0:00:18:960000,474,2,[5 6],"[103, 218, 273, 475],[278, 1, 510, 479]"
378,0:00:19,475,2,[5 6],"[70, 219, 258, 475],[320, 2, 498, 476]"
379,0:00:19:040000,476,2,[5 6],"[34, 219, 246, 475],[331, 0, 496, 475]"
380,0:00:19:080000,477,2,[5 6],"[31, 219, 231, 475],[332, 0, 495, 475]"
381,0:00:19:120000,478,2,[5 6],"[25, 218, 227, 477],[332, 0, 493, 476]"
382,0:00:19:160000,479,2,[5 6],"[25, 217, 218, 477],[317, 2, 490, 475]"
383,0:00:19:200000,480,2,[5 6],"[28, 215, 210, 477],[315, 5, 482, 475]"
384,0:00:19:240000,481,2,[5 6],"[28, 213, 202, 478],[278, 7, 483, 475]"
385,0:00:19:280000,482,2,[5 6],"[17, 212, 199, 478],[201, 5, 485, 478]"
386,0:00:19:320000,483,2,[5 6],"[15, 211, 192, 479],[183, 5, 471, 479]"
387,0:00:19:360000,484,2,[5 6],"[14, 213, 189, 478],[170, 7, 465, 479]"
388,0:00:19:400000,485,2,[5 6],"[5, 213, 186, 477],[169, 7, 459, 479]"
389,0:00:19:440000,486,2,[5 6],"[6, 214, 180, 476],[182, 4, 448, 479]"
390,0:00:19:480000,487,2,[5 6],"[5, 214, 174, 475],[182, 2, 444, 478]"
391,0:00:19:520000,488,2,[5 6],"[4, 214, 165, 475],[201, 0, 433, 477]"
392,0:00:19:560000,489,2,[5 6],"[0, 216, 161, 475],[204, 2, 429, 475]"
393,0:00:19:600000,490,2,[5 6],"[0, 222, 156, 473],[219, 2, 424, 473]"
394,0:00:19:640000,491,2,[5 6],"[0, 221, 152, 474],[218, 1, 421, 474]"
395,0:00:19:680000,492,2,[5 6],"[0, 222, 155, 475],[217, 1, 414, 477]"
396,0:00:19:720000,493,2,[5 6],"[3, 222, 132, 477],[216, 0, 412, 478]"
397,0:00:19:760000,494,2,[5 6],"[0, 221, 122, 476],[207, 0, 410, 476]"
398,0:00:19:800000,495,2,[5 6],"[2, 224, 103, 476],[206, 4, 408, 472]"
399,0:00:19:840000,496,2,[5 6],"[0, 225, 94, 476],[203, 8, 406, 471]"
400,0:00:19:880000,497,1,[6],"[200, 10, 401, 472]"
401,0:00:19:920000,498,1,[6],"[188, 3, 398, 474]"
402,0:00:19:960000,499,1,[6],"[182, 1, 393, 478]"
403,0:00:20,500,1,[6],"[180, 2, 382, 479]"
404,0:00:20:040000,501,1,[6],"[176, 5, 379, 478]"
405,0:00:20:080000,502,1,[6],"[179, 8, 365, 476]"
406,0:00:20:120000,503,1,[6],"[173, 11, 358, 476]"
407,0:00:20:160000,504,1,[6],"[168, 11, 350, 478]"
408,0:00:20:200000,505,1,[6],"[165, 11, 348, 479]"
409,0:00:20:240000,506,1,[6],"[162, 9, 340, 479]"
410,0:00:20:280000,507,1,[6],"[158, 7, 337, 479]"
411,0:00:20:320000,508,1,[6],"[161, 8, 329, 479]"
412,0:00:20:360000,509,1,[6],"[158, 9, 323, 479]"
413,0:00:20:400000,510,1,[6],"[147, 11, 318, 479]"
414,0:00:20:440000,511,1,[6],"[129, 14, 315, 476]"
415,0:00:20:480000,512,1,[6],"[120, 15, 309, 475]"
416,0:00:20:520000,513,1,[6],"[103, 14, 310, 475]"
417,0:00:20:560000,514,1,[6],"[103, 16, 301, 474]"
418,0:00:20:600000,515,1,[6],"[96, 18, 296, 473]"
419,0:00:20:640000,516,1,[6],"[96, 19, 288, 474]"
420,0:00:20:680000,517,1,[6],"[92, 22, 285, 475]"
421,0:00:20:720000,518,1,[6],"[95, 22, 280, 475]"
422,0:00:20:760000,519,1,[6],"[78, 23, 280, 475]"
423,0:00:20:800000,520,1,[6],"[69, 23, 274, 475]"
424,0:00:20:840000,521,1,[6],"[60, 24, 268, 474]"
425,0:00:20:880000,522,1,[6],"[49, 23, 263, 472]"
426,0:00:20:920000,523,1,[6],"[51, 22, 253, 470]"
427,0:00:20:960000,524,1,[6],"[43, 20, 250, 474]"
428,0:00:21,525,1,[6],"[30, 20, 239, 475]"
429,0:00:21:040000,526,1,[6],"[29, 18, 222, 474]"
430,0:00:21:080000,527,1,[6],"[7, 15, 219, 476]"
431,0:00:21:120000,528,1,[6],"[6, 15, 189, 476]"
432,0:00:21:160000,529,1,[6],"[2, 15, 175, 478]"
433,0:00:21:200000,530,1,[6],"[0, 13, 171, 478]"
434,0:00:21:240000,531,1,[6],"[0, 13, 163, 478]"
435,0:00:21:280000,532,1,[6],"[0, 12, 154, 478]"
